{"all_primary_scores": ["ifeval: 0.629496"], "tasks": [{"alias": "ifeval", "metrics": {"prompt_level_strict_acc": 0.46210720887245843, "inst_level_strict_acc": 0.5911270983213429, "punctuation:no_comma_strict_acc": 0.9242424242424242, "detectable_format:number_highlighted_sections_strict_acc": 0.8958333333333334, "length_constraints:number_words_strict_acc": 0.5192307692307693, "prompt_level_loose_acc": 0.49907578558225507, "inst_level_loose_acc": 0.6294964028776978, "punctuation:no_comma_loose_acc": 0.9393939393939394, "detectable_format:number_highlighted_sections_loose_acc": 0.8958333333333334, "length_constraints:number_words_loose_acc": 0.5576923076923077, "detectable_content:number_placeholders_strict_acc": 0.6296296296296297, "detectable_content:number_placeholders_loose_acc": 0.6296296296296297, "combination:repeat_prompt_strict_acc": 0.024390243902439025, "detectable_format:title_strict_acc": 0.918918918918919, "combination:repeat_prompt_loose_acc": 0.14634146341463414, "detectable_format:title_loose_acc": 0.918918918918919, "change_case:english_lowercase_strict_acc": 0.48717948717948717, "change_case:english_lowercase_loose_acc": 0.5384615384615384, "detectable_format:number_bullet_lists_strict_acc": 0.3225806451612903, "detectable_format:number_bullet_lists_loose_acc": 0.3548387096774194, "change_case:english_capital_strict_acc": 0.72, "detectable_format:multiple_sections_strict_acc": 0.7857142857142857, "change_case:english_capital_loose_acc": 0.72, "detectable_format:multiple_sections_loose_acc": 0.7857142857142857, "change_case:capital_word_frequency_strict_acc": 0.64, "startend:quotation_strict_acc": 0.36585365853658536, "change_case:capital_word_frequency_loose_acc": 0.64, "startend:quotation_loose_acc": 0.4634146341463415, "keywords:existence_strict_acc": 0.9487179487179487, "keywords:existence_loose_acc": 0.9487179487179487, "detectable_format:json_format_strict_acc": 0.17647058823529413, "detectable_format:json_format_loose_acc": 0.17647058823529413, "length_constraints:number_paragraphs_strict_acc": 0.18518518518518517, "length_constraints:number_paragraphs_loose_acc": 0.2222222222222222, "combination:two_responses_strict_acc": 0.2916666666666667, "combination:two_responses_loose_acc": 0.4166666666666667, "language:response_language_strict_acc": 0.9032258064516129, "language:response_language_loose_acc": 0.9032258064516129, "keywords:letter_frequency_strict_acc": 0.5757575757575758, "keywords:letter_frequency_loose_acc": 0.6363636363636364, "startend:end_checker_strict_acc": 0.4230769230769231, "startend:end_checker_loose_acc": 0.6153846153846154, "keywords:forbidden_words_strict_acc": 0.32653061224489793, "keywords:forbidden_words_loose_acc": 0.3673469387755102, "keywords:frequency_strict_acc": 0.6904761904761905, "keywords:frequency_loose_acc": 0.7142857142857143, "length_constraints:number_sentences_strict_acc": 0.5384615384615384, "length_constraints:number_sentences_loose_acc": 0.5576923076923077, "detectable_content:postscript_strict_acc": 0.9615384615384616, "detectable_content:postscript_loose_acc": 0.9615384615384616, "length_constraints:nth_paragraph_first_word_strict_acc": 0.25, "length_constraints:nth_paragraph_first_word_loose_acc": 0.4166666666666667, "detectable_format:constrained_response_strict_acc": 1.0, "detectable_format:constrained_response_loose_acc": 1.0, "primary_score": 0.6294964028776978}, "num_instances": 541, "processing_time": 19.34420084953308, "task_config": {"task_name": "ifeval", "task_core": "ifeval", "split": "train", "primary_metric": "inst_level_loose_acc", "generation_kwargs": {"max_gen_toks": 1280, "do_sample": false, "temperature": 0.0, "stop_sequences": []}, "metric_kwargs": {"aggregation_levels": ["prompt", "inst"], "strictness_levels": ["strict", "loose"], "output_individual_metrics": true}, "native_id_field": "key", "dataset_path": "HuggingFaceH4/ifeval", "use_chat_format": true, "version": 0.1}}], "model_config": {"model": "/fs/scratch/PAS3272/roblero7/CSE_5525_Final_Project/checkpoints/dpo_merged_001", "chat_model": true}}