{"all_primary_scores": ["ifeval: 0.652278"], "tasks": [{"alias": "ifeval", "metrics": {"prompt_level_strict_acc": 0.49907578558225507, "inst_level_strict_acc": 0.6223021582733813, "punctuation:no_comma_strict_acc": 0.8636363636363636, "detectable_format:number_highlighted_sections_strict_acc": 0.8125, "length_constraints:number_words_strict_acc": 0.7692307692307693, "prompt_level_loose_acc": 0.5378927911275416, "inst_level_loose_acc": 0.6522781774580336, "punctuation:no_comma_loose_acc": 0.8787878787878788, "detectable_format:number_highlighted_sections_loose_acc": 0.8125, "length_constraints:number_words_loose_acc": 0.8076923076923077, "detectable_content:number_placeholders_strict_acc": 0.7037037037037037, "detectable_content:number_placeholders_loose_acc": 0.7037037037037037, "combination:repeat_prompt_strict_acc": 0.0975609756097561, "detectable_format:title_strict_acc": 0.9459459459459459, "combination:repeat_prompt_loose_acc": 0.0975609756097561, "detectable_format:title_loose_acc": 0.9459459459459459, "change_case:english_lowercase_strict_acc": 0.7435897435897436, "change_case:english_lowercase_loose_acc": 0.7435897435897436, "detectable_format:number_bullet_lists_strict_acc": 0.5806451612903226, "detectable_format:number_bullet_lists_loose_acc": 0.6129032258064516, "change_case:english_capital_strict_acc": 0.56, "detectable_format:multiple_sections_strict_acc": 0.2857142857142857, "change_case:english_capital_loose_acc": 0.64, "detectable_format:multiple_sections_loose_acc": 0.2857142857142857, "change_case:capital_word_frequency_strict_acc": 0.6, "startend:quotation_strict_acc": 0.4634146341463415, "change_case:capital_word_frequency_loose_acc": 0.6, "startend:quotation_loose_acc": 0.5609756097560976, "keywords:existence_strict_acc": 0.6410256410256411, "keywords:existence_loose_acc": 0.6410256410256411, "detectable_format:json_format_strict_acc": 0.5294117647058824, "detectable_format:json_format_loose_acc": 0.6470588235294118, "length_constraints:number_paragraphs_strict_acc": 0.1111111111111111, "length_constraints:number_paragraphs_loose_acc": 0.14814814814814814, "combination:two_responses_strict_acc": 0.16666666666666666, "combination:two_responses_loose_acc": 0.20833333333333334, "language:response_language_strict_acc": 0.8064516129032258, "language:response_language_loose_acc": 0.8064516129032258, "keywords:letter_frequency_strict_acc": 0.6060606060606061, "keywords:letter_frequency_loose_acc": 0.6060606060606061, "startend:end_checker_strict_acc": 0.6538461538461539, "startend:end_checker_loose_acc": 0.6538461538461539, "keywords:forbidden_words_strict_acc": 0.7142857142857143, "keywords:forbidden_words_loose_acc": 0.7755102040816326, "keywords:frequency_strict_acc": 0.7142857142857143, "keywords:frequency_loose_acc": 0.7142857142857143, "length_constraints:number_sentences_strict_acc": 0.5961538461538461, "length_constraints:number_sentences_loose_acc": 0.7115384615384616, "detectable_content:postscript_strict_acc": 0.5, "detectable_content:postscript_loose_acc": 0.5, "length_constraints:nth_paragraph_first_word_strict_acc": 0.5, "length_constraints:nth_paragraph_first_word_loose_acc": 0.6666666666666666, "detectable_format:constrained_response_strict_acc": 0.8, "detectable_format:constrained_response_loose_acc": 0.8, "primary_score": 0.6522781774580336}, "num_instances": 541, "processing_time": 8.695309400558472, "task_config": {"task_name": "ifeval", "task_core": "ifeval", "split": "train", "primary_metric": "inst_level_loose_acc", "generation_kwargs": {"max_gen_toks": 1280, "do_sample": false, "temperature": 0.0, "stop_sequences": []}, "metric_kwargs": {"aggregation_levels": ["prompt", "inst"], "strictness_levels": ["strict", "loose"], "output_individual_metrics": true}, "native_id_field": "key", "dataset_path": "HuggingFaceH4/ifeval", "use_chat_format": true, "version": 0.1}}], "model_config": {"model": "meta-llama/Llama-3.2-1B-Instruct", "chat_model": true}}