{"all_primary_scores": ["ifeval: 0.43765"], "tasks": [{"alias": "ifeval", "metrics": {"prompt_level_strict_acc": 0.2754158964879852, "inst_level_strict_acc": 0.39928057553956836, "punctuation:no_comma_strict_acc": 0.2878787878787879, "detectable_format:number_highlighted_sections_strict_acc": 0.7083333333333334, "length_constraints:number_words_strict_acc": 0.5192307692307693, "prompt_level_loose_acc": 0.3123844731977819, "inst_level_loose_acc": 0.43764988009592326, "punctuation:no_comma_loose_acc": 0.3787878787878788, "detectable_format:number_highlighted_sections_loose_acc": 0.7083333333333334, "length_constraints:number_words_loose_acc": 0.5384615384615384, "detectable_content:number_placeholders_strict_acc": 0.37037037037037035, "detectable_content:number_placeholders_loose_acc": 0.37037037037037035, "combination:repeat_prompt_strict_acc": 0.14634146341463414, "detectable_format:title_strict_acc": 0.9459459459459459, "combination:repeat_prompt_loose_acc": 0.17073170731707318, "detectable_format:title_loose_acc": 0.9459459459459459, "change_case:english_lowercase_strict_acc": 0.23076923076923078, "change_case:english_lowercase_loose_acc": 0.23076923076923078, "detectable_format:number_bullet_lists_strict_acc": 0.22580645161290322, "detectable_format:number_bullet_lists_loose_acc": 0.22580645161290322, "change_case:english_capital_strict_acc": 0.32, "detectable_format:multiple_sections_strict_acc": 0.5714285714285714, "change_case:english_capital_loose_acc": 0.36, "detectable_format:multiple_sections_loose_acc": 0.5714285714285714, "change_case:capital_word_frequency_strict_acc": 0.44, "startend:quotation_strict_acc": 0.17073170731707318, "change_case:capital_word_frequency_loose_acc": 0.48, "startend:quotation_loose_acc": 0.3902439024390244, "keywords:existence_strict_acc": 0.46153846153846156, "keywords:existence_loose_acc": 0.46153846153846156, "detectable_format:json_format_strict_acc": 0.6470588235294118, "detectable_format:json_format_loose_acc": 0.6470588235294118, "length_constraints:number_paragraphs_strict_acc": 0.0, "length_constraints:number_paragraphs_loose_acc": 0.07407407407407407, "combination:two_responses_strict_acc": 0.08333333333333333, "combination:two_responses_loose_acc": 0.08333333333333333, "language:response_language_strict_acc": 0.6451612903225806, "language:response_language_loose_acc": 0.6774193548387096, "keywords:letter_frequency_strict_acc": 0.48484848484848486, "keywords:letter_frequency_loose_acc": 0.45454545454545453, "startend:end_checker_strict_acc": 0.07692307692307693, "startend:end_checker_loose_acc": 0.19230769230769232, "keywords:forbidden_words_strict_acc": 0.32653061224489793, "keywords:forbidden_words_loose_acc": 0.42857142857142855, "keywords:frequency_strict_acc": 0.5952380952380952, "keywords:frequency_loose_acc": 0.5952380952380952, "length_constraints:number_sentences_strict_acc": 0.38461538461538464, "length_constraints:number_sentences_loose_acc": 0.4423076923076923, "detectable_content:postscript_strict_acc": 0.46153846153846156, "detectable_content:postscript_loose_acc": 0.46153846153846156, "length_constraints:nth_paragraph_first_word_strict_acc": 0.08333333333333333, "length_constraints:nth_paragraph_first_word_loose_acc": 0.08333333333333333, "detectable_format:constrained_response_strict_acc": 0.9, "detectable_format:constrained_response_loose_acc": 0.9, "primary_score": 0.43764988009592326}, "num_instances": 541, "processing_time": 9.152523517608643, "task_config": {"task_name": "ifeval", "task_core": "ifeval", "split": "train", "primary_metric": "inst_level_loose_acc", "generation_kwargs": {"max_gen_toks": 1280, "do_sample": false, "temperature": 0.0, "stop_sequences": []}, "metric_kwargs": {"aggregation_levels": ["prompt", "inst"], "strictness_levels": ["strict", "loose"], "output_individual_metrics": true}, "native_id_field": "key", "dataset_path": "HuggingFaceH4/ifeval", "use_chat_format": true, "version": 0.1}}], "model_config": {"model": "/fs/scratch/PAS3272/roblero7/CSE_5525_Final_Project/checkpoints/sft_merged_final", "chat_model": true}}